schemaname	tablename	indexname	indexdef
blockchain	aml_wallet_risk_profiles	aml_wallet_risk_profiles_pkey	CREATE UNIQUE INDEX aml_wallet_risk_profiles_pkey ON blockchain.aml_wallet_risk_profiles USING btree (wallet_address)
blockchain	aml_wallet_risk_profiles	idx_aml_wallet_risk_blacklisted	CREATE INDEX idx_aml_wallet_risk_blacklisted ON blockchain.aml_wallet_risk_profiles USING btree (is_blacklisted)
blockchain	aml_wallet_risk_profiles	idx_aml_wallet_risk_country	CREATE INDEX idx_aml_wallet_risk_country ON blockchain.aml_wallet_risk_profiles USING btree (country_code)
blockchain	aml_wallet_risk_profiles	idx_aml_wallet_risk_customer	CREATE INDEX idx_aml_wallet_risk_customer ON blockchain.aml_wallet_risk_profiles USING btree (customer_id)
blockchain	aml_wallet_risk_profiles	idx_aml_wallet_risk_level	CREATE INDEX idx_aml_wallet_risk_level ON blockchain.aml_wallet_risk_profiles USING btree (risk_level)
blockchain	aml_wallet_risk_profiles	idx_aml_wallet_risk_pep	CREATE INDEX idx_aml_wallet_risk_pep ON blockchain.aml_wallet_risk_profiles USING btree (is_pep)
blockchain	aml_wallet_risk_profiles	idx_aml_wallet_risk_sanctioned	CREATE INDEX idx_aml_wallet_risk_sanctioned ON blockchain.aml_wallet_risk_profiles USING btree (is_sanctioned)
blockchain	aml_wallet_risk_profiles	idx_aml_wallet_risk_score	CREATE INDEX idx_aml_wallet_risk_score ON blockchain.aml_wallet_risk_profiles USING btree (risk_score)
blockchain	blockchain_kyc_wallet_requests	blockchain_kyc_wallet_requests_pkey	CREATE UNIQUE INDEX blockchain_kyc_wallet_requests_pkey ON blockchain.blockchain_kyc_wallet_requests USING btree (request_id)
blockchain	blockchain_organization	PK_organization_id	CREATE UNIQUE INDEX "PK_organization_id" ON blockchain.blockchain_organization USING btree (organization_id)
blockchain	blockchain_organization_mapping	blockchain_organization_mapping_pkey	CREATE UNIQUE INDEX blockchain_organization_mapping_pkey ON blockchain.blockchain_organization_mapping USING btree (mapping_id)
blockchain	blockchain_organization_mapping	idx_org_mapping_blockchain_org_id	CREATE INDEX idx_org_mapping_blockchain_org_id ON blockchain.blockchain_organization_mapping USING btree (blockchain_organization_id)
blockchain	blockchain_organization_mapping	idx_org_mapping_source_org_id	CREATE INDEX idx_org_mapping_source_org_id ON blockchain.blockchain_organization_mapping USING btree (source_organization_id)
blockchain	blockchain_organization_mapping	uq_blockchain_org_mapping_blockchain_org	CREATE UNIQUE INDEX uq_blockchain_org_mapping_blockchain_org ON blockchain.blockchain_organization_mapping USING btree (blockchain_organization_id)
blockchain	blockchain_organization_mapping	uq_blockchain_org_mapping_source_org	CREATE UNIQUE INDEX uq_blockchain_org_mapping_source_org ON blockchain.blockchain_organization_mapping USING btree (source_organization_id)
blockchain	blockchain_wallet_balance	blockchain_wallet_balance_pkey	CREATE UNIQUE INDEX blockchain_wallet_balance_pkey ON blockchain.blockchain_wallet_balance USING btree (wallet_address)
blockchain	blockchain_wallet_integration	blockchain_wallet_integration_pkey	CREATE UNIQUE INDEX blockchain_wallet_integration_pkey ON blockchain.blockchain_wallet_integration USING btree (wallet_id)
blockchain	blockchain_wallet_integration	idx_wallet_integration_customer_id	CREATE INDEX idx_wallet_integration_customer_id ON blockchain.blockchain_wallet_integration USING btree (blockchain_customer_id)
blockchain	blockchain_wallet_integration	idx_wallet_integration_org_id	CREATE INDEX idx_wallet_integration_org_id ON blockchain.blockchain_wallet_integration USING btree (blockchain_organization_id)
blockchain	blockchain_wallet_integration	idx_wallet_integration_wallet_address	CREATE INDEX idx_wallet_integration_wallet_address ON blockchain.blockchain_wallet_integration USING btree (wallet_address)
blockchain	blockchain_wallet_integration	uq_blockchain_wallet_address	CREATE UNIQUE INDEX uq_blockchain_wallet_address ON blockchain.blockchain_wallet_integration USING btree (wallet_address)
blockchain	government_ministry_wallets	government_ministry_wallets_pkey	CREATE UNIQUE INDEX government_ministry_wallets_pkey ON blockchain.government_ministry_wallets USING btree (wallet_id)
blockchain	government_ministry_wallets	government_ministry_wallets_wallet_address_key	CREATE UNIQUE INDEX government_ministry_wallets_wallet_address_key ON blockchain.government_ministry_wallets USING btree (wallet_address)
blockchain	government_ministry_wallets	idx_government_ministry_wallets_address	CREATE INDEX idx_government_ministry_wallets_address ON blockchain.government_ministry_wallets USING btree (wallet_address)
blockchain	government_ministry_wallets	idx_government_ministry_wallets_ministry_id	CREATE INDEX idx_government_ministry_wallets_ministry_id ON blockchain.government_ministry_wallets USING btree (ministry_id)
blockchain	government_ministry_wallets	idx_government_ministry_wallets_status	CREATE INDEX idx_government_ministry_wallets_status ON blockchain.government_ministry_wallets USING btree (wallet_status)
blockchain	kyc_documents	idx_kyc_documents_created_at	CREATE INDEX idx_kyc_documents_created_at ON blockchain.kyc_documents USING btree (created_at DESC)
blockchain	kyc_documents	idx_kyc_documents_resident_id	CREATE INDEX idx_kyc_documents_resident_id ON blockchain.kyc_documents USING btree (resident_id)
blockchain	kyc_documents	idx_kyc_documents_status	CREATE INDEX idx_kyc_documents_status ON blockchain.kyc_documents USING btree (kyc_status)
blockchain	kyc_documents	kyc_documents_pkey	CREATE UNIQUE INDEX kyc_documents_pkey ON blockchain.kyc_documents USING btree (id)
blockchain	kyc_hashes	kyc_hashes_pkey	CREATE UNIQUE INDEX kyc_hashes_pkey ON blockchain.kyc_hashes USING btree (customer_id)
blockchain	kyc_records	idx_kyc_records_blockchain_status	CREATE INDEX idx_kyc_records_blockchain_status ON blockchain.kyc_records USING btree (blockchain_status)
blockchain	kyc_records	idx_kyc_records_customer_id	CREATE INDEX idx_kyc_records_customer_id ON blockchain.kyc_records USING btree (customer_id)
blockchain	kyc_records	idx_kyc_records_wallet_address	CREATE INDEX idx_kyc_records_wallet_address ON blockchain.kyc_records USING btree (wallet_address)
blockchain	kyc_records	kyc_records_pkey	CREATE UNIQUE INDEX kyc_records_pkey ON blockchain.kyc_records USING btree (kyc_id)
blockchain	kyc_records	uq_kyc_records_customer_definition	CREATE UNIQUE INDEX uq_kyc_records_customer_definition ON blockchain.kyc_records USING btree (customer_id, customer_def_id) WHERE (customer_def_id IS NOT NULL)
blockchain	kyc_requests	kyc_requests_pkey	CREATE UNIQUE INDEX kyc_requests_pkey ON blockchain.kyc_requests USING btree (id)
blockchain	kyc_requests	kyc_requests_request_id_key	CREATE UNIQUE INDEX kyc_requests_request_id_key ON blockchain.kyc_requests USING btree (request_id)
blockchain	kyc_statuses	kyc_statuses_pkey	CREATE UNIQUE INDEX kyc_statuses_pkey ON blockchain.kyc_statuses USING btree (kyc_status_id)
blockchain	kyc_statuses	kyc_statuses_status_code_key	CREATE UNIQUE INDEX kyc_statuses_status_code_key ON blockchain.kyc_statuses USING btree (status_code)
blockchain	organizations	idx_blockchain_organizations_api_payload_gin	CREATE INDEX idx_blockchain_organizations_api_payload_gin ON blockchain.organizations USING gin (api_payload)
blockchain	organizations	idx_blockchain_organizations_external_org	CREATE INDEX idx_blockchain_organizations_external_org ON blockchain.organizations USING btree (external_system_code, external_organization_id)
blockchain	organizations	idx_blockchain_organizations_fabric_msp	CREATE INDEX idx_blockchain_organizations_fabric_msp ON blockchain.organizations USING btree (fabric_org_msp_id)
blockchain	organizations	idx_blockchain_organizations_metadata_gin	CREATE INDEX idx_blockchain_organizations_metadata_gin ON blockchain.organizations USING gin (metadata)
blockchain	organizations	idx_blockchain_organizations_status	CREATE INDEX idx_blockchain_organizations_status ON blockchain.organizations USING btree (status)
blockchain	organizations	idx_blockchain_organizations_type	CREATE INDEX idx_blockchain_organizations_type ON blockchain.organizations USING btree (organization_type)
blockchain	organizations	organizations_pkey	CREATE UNIQUE INDEX organizations_pkey ON blockchain.organizations USING btree (organization_id)
blockchain	organizations	uq_blockchain_organizations_code	CREATE UNIQUE INDEX uq_blockchain_organizations_code ON blockchain.organizations USING btree (organization_code)
blockchain	ref_wallet_statuses	ref_wallet_statuses_pkey	CREATE UNIQUE INDEX ref_wallet_statuses_pkey ON blockchain.ref_wallet_statuses USING btree (wallet_status_id)
blockchain	ref_wallet_statuses	ref_wallet_statuses_wallet_status_code_key	CREATE UNIQUE INDEX ref_wallet_statuses_wallet_status_code_key ON blockchain.ref_wallet_statuses USING btree (wallet_status_code)
blockchain	resident_kyc	resident_kyc_pkey	CREATE UNIQUE INDEX resident_kyc_pkey ON blockchain.resident_kyc USING btree (id)
blockchain	resident_wallets	resident_wallets_pkey	CREATE UNIQUE INDEX resident_wallets_pkey ON blockchain.resident_wallets USING btree (id)
blockchain	resident_wallets	resident_wallets_wallet_address_key	CREATE UNIQUE INDEX resident_wallets_wallet_address_key ON blockchain.resident_wallets USING btree (wallet_address)
blockchain	wallet_statuses	idx_wallet_statuses_active	CREATE INDEX idx_wallet_statuses_active ON blockchain.wallet_statuses USING btree (is_active)
blockchain	wallet_statuses	wallet_statuses_pkey	CREATE UNIQUE INDEX wallet_statuses_pkey ON blockchain.wallet_statuses USING btree (wallet_status_id)
blockchain	wallet_statuses	wallet_statuses_wallet_status_code_key	CREATE UNIQUE INDEX wallet_statuses_wallet_status_code_key ON blockchain.wallet_statuses USING btree (wallet_status_code)
blockchain	wallet_types	idx_wallet_types_active	CREATE INDEX idx_wallet_types_active ON blockchain.wallet_types USING btree (is_active)
blockchain	wallet_types	wallet_types_pkey	CREATE UNIQUE INDEX wallet_types_pkey ON blockchain.wallet_types USING btree (wallet_type_id)
blockchain	wallet_types	wallet_types_wallet_type_code_key	CREATE UNIQUE INDEX wallet_types_wallet_type_code_key ON blockchain.wallet_types USING btree (wallet_type_code)
blockchain	wallets	idx_blockchain_wallets_blockchain_payload_gin	CREATE INDEX idx_blockchain_wallets_blockchain_payload_gin ON blockchain.wallets USING gin (blockchain_payload)
blockchain	wallets	idx_blockchain_wallets_created_at	CREATE INDEX idx_blockchain_wallets_created_at ON blockchain.wallets USING btree (created_at)
blockchain	wallets	idx_blockchain_wallets_customer_id	CREATE INDEX idx_blockchain_wallets_customer_id ON blockchain.wallets USING btree (customer_id)
blockchain	wallets	idx_blockchain_wallets_fabric_tx_id	CREATE INDEX idx_blockchain_wallets_fabric_tx_id ON blockchain.wallets USING btree (fabric_tx_id)
blockchain	wallets	idx_blockchain_wallets_kyc_payload_gin	CREATE INDEX idx_blockchain_wallets_kyc_payload_gin ON blockchain.wallets USING gin (kyc_payload)
blockchain	wallets	idx_blockchain_wallets_kyc_status	CREATE INDEX idx_blockchain_wallets_kyc_status ON blockchain.wallets USING btree (kyc_status)
blockchain	wallets	idx_blockchain_wallets_ledger_key	CREATE INDEX idx_blockchain_wallets_ledger_key ON blockchain.wallets USING btree (ledger_key)
blockchain	wallets	idx_blockchain_wallets_metadata_gin	CREATE INDEX idx_blockchain_wallets_metadata_gin ON blockchain.wallets USING gin (wallet_metadata)
blockchain	wallets	idx_blockchain_wallets_organization_code	CREATE INDEX idx_blockchain_wallets_organization_code ON blockchain.wallets USING btree (organization_code)
blockchain	wallets	idx_blockchain_wallets_organization_id	CREATE INDEX idx_blockchain_wallets_organization_id ON blockchain.wallets USING btree (organization_id)
blockchain	wallets	idx_blockchain_wallets_risk_level	CREATE INDEX idx_blockchain_wallets_risk_level ON blockchain.wallets USING btree (risk_level)
blockchain	wallets	idx_blockchain_wallets_status	CREATE INDEX idx_blockchain_wallets_status ON blockchain.wallets USING btree (status)
blockchain	wallets	idx_blockchain_wallets_wallet_address	CREATE INDEX idx_blockchain_wallets_wallet_address ON blockchain.wallets USING btree (wallet_address)
blockchain	wallets	idx_wallets_currency_code	CREATE INDEX idx_wallets_currency_code ON blockchain.wallets USING btree (currency_code)
blockchain	wallets	idx_wallets_customer_id	CREATE INDEX idx_wallets_customer_id ON blockchain.wallets USING btree (customer_id)
blockchain	wallets	idx_wallets_customer_id_login	CREATE INDEX idx_wallets_customer_id_login ON blockchain.wallets USING btree (customer_id)
blockchain	wallets	idx_wallets_fabric_tx_id	CREATE INDEX idx_wallets_fabric_tx_id ON blockchain.wallets USING btree (fabric_tx_id)
blockchain	wallets	idx_wallets_login_locked_until	CREATE INDEX idx_wallets_login_locked_until ON blockchain.wallets USING btree (login_locked_until)
blockchain	wallets	idx_wallets_login_status	CREATE INDEX idx_wallets_login_status ON blockchain.wallets USING btree (login_status)
blockchain	wallets	idx_wallets_wallet_address	CREATE INDEX idx_wallets_wallet_address ON blockchain.wallets USING btree (wallet_address)
blockchain	wallets	idx_wallets_wallet_address_login	CREATE INDEX idx_wallets_wallet_address_login ON blockchain.wallets USING btree (wallet_address)
blockchain	wallets	idx_wallets_wallet_metadata_gin	CREATE INDEX idx_wallets_wallet_metadata_gin ON blockchain.wallets USING gin (wallet_metadata)
blockchain	wallets	uq_blockchain_wallets_customer_org	CREATE UNIQUE INDEX uq_blockchain_wallets_customer_org ON blockchain.wallets USING btree (customer_id, organization_code)
blockchain	wallets	uq_blockchain_wallets_wallet_address	CREATE UNIQUE INDEX uq_blockchain_wallets_wallet_address ON blockchain.wallets USING btree (wallet_address)
blockchain	wallets	uq_wallets_customer_id	CREATE UNIQUE INDEX uq_wallets_customer_id ON blockchain.wallets USING btree (customer_id)
blockchain	wallets	uq_wallets_customer_org	CREATE UNIQUE INDEX uq_wallets_customer_org ON blockchain.wallets USING btree (customer_id, organization_id)
blockchain	wallets	uq_wallets_wallet_address	CREATE UNIQUE INDEX uq_wallets_wallet_address ON blockchain.wallets USING btree (wallet_address)
blockchain	wallets	ux_blockchain_wallets_customer_id	CREATE UNIQUE INDEX ux_blockchain_wallets_customer_id ON blockchain.wallets USING btree (customer_id)
blockchain	wallets	ux_blockchain_wallets_wallet_address	CREATE UNIQUE INDEX ux_blockchain_wallets_wallet_address ON blockchain.wallets USING btree (wallet_address)
blockchain	wallets	wallets_pkey	CREATE UNIQUE INDEX wallets_pkey ON blockchain.wallets USING btree (wallet_id)
(89 rows)
