cur_id,cur_name,iso_cur_code,cur_name_ml,creation_date,created_by,update_date,updated_by,cur_decimal_calc,cur_sname,cur_sname_ml,last_extraction_date,cur_internal_code
166,"Platinum, Ounces",XPT,,2014-02-12,-1,,,6,XPT,,,
167,Yemeni Rial,YER,,2014-02-12,-1,,,6,YER,,,
168,New Dinar,YUM,,2014-02-12,-1,,,6,YUM,,,
169,Rand,ZAR,,2014-02-12,-1,,,6,ZAR,,,
170,Kwacha,ZMK,,2014-02-12,-1,,,6,ZMK,,,
171,Zimbabwe Dollar,ZWD,,2014-02-12,-1,,,6,ZWD,,,
172,Crude Oil Barrels (XE.com Index),XCO,,2014-02-12,-1,,,6,XCO,,,
1,US Dollar,USD,,2014-02-12,-1,,,6,USD,,,
2,UAE Dirham,AED,,2014-02-12,-1,,,6,AED,,,
3,Afghani,AFA,,2014-02-12,-1,,,6,AFA,,,
4,Lek,ALL,,2014-02-12,-1,,,6,ALL,,,
5,Armenian Dram,AMD,,2014-02-12,-1,,,6,AMD,,,
6,Netherlands Antillian Guilder,ANG,,2014-02-12,-1,,,6,ANG,,,
7,Angola New Kwanza,AOA,,2014-02-12,-1,,,6,AOA,,,
8,Argentine Peso,ARS,,2014-02-12,-1,,,6,ARS,,,
9,Australian Dollar,AUD,,2014-02-12,-1,,,6,AUD,,,
10,Aruban Guilder - Aruba Florin,AWG,,2014-02-12,-1,,,6,AWG,,,
11,Azerbaijanian Manat,AZM,,2014-02-12,-1,,,6,AZM,,,
12,Convertible Marks,BAM,,2014-02-12,-1,,,6,BAM,,,
13,Barbados Dollar,BBD,,2014-02-12,-1,,,6,BBD,,,
14,Taka,BDT,,2014-02-12,-1,,,6,BDT,,,
15,Lev,BGL,,2014-02-12,-1,,,6,BGL,,,
16,Bahraini Dinar,BHD,,2014-02-12,-1,,,6,BHD,,,
17,Burundi Franc,BIF,,2014-02-12,-1,,,6,BIF,,,
18,Bermudian Dollar,BMD,,2014-02-12,-1,,,6,BMD,,,
19,Brunei Dollar,BND,,2014-02-12,-1,,,6,BND,,,
20,Boliviano,BOB,,2014-02-12,-1,,,6,BOB,,,
21,Brazilian Real,BRL,,2014-02-12,-1,,,6,BRL,,,
22,Bahamian Dollar,BSD,,2014-02-12,-1,,,6,BSD,,,
23,Ngultrum,BTN,,2014-02-12,-1,,,6,BTN,,,
24,Pula,BWP,,2014-02-12,-1,,,6,BWP,,,
25,Belarussian Ruble,BYB,,2014-02-12,-1,,,6,BYB,,,
26,Belize Dollar,BZD,,2014-02-12,-1,,,6,BZD,,,
27,Canadian Dollar,CAD,,2014-02-12,-1,,,6,CAD,,,
28,Franc Congolais,CDF,,2014-02-12,-1,,,6,CDF,,,
29,Swiss Franc,CHF,,2014-02-12,-1,,,6,CHF,,,
30,Unidades de fomento*,CLF,,2014-02-12,-1,,,6,CLF,,,
31,Chilean Peso,CLP,,2014-02-12,-1,,,6,CLP,,,
32,Yuan Renminbi,CNY,,2014-02-12,-1,,,6,CNY,,,
33,Colombian Peso,COP,,2014-02-12,-1,,,6,COP,,,
34,Costa Rican Colon,CRC,,2014-02-12,-1,,,6,CRC,,,
35,Cuban Peso,CUP,,2014-02-12,-1,,,6,CUP,,,
36,Cape Verde Escudo,CVE,,2014-02-12,-1,,,6,CVE,,,
37,Cyprus Pound,CYP,,2014-02-12,-1,,,6,CYP,,,
38,Czech Koruna,CZK,,2014-02-12,-1,,,6,CZK,,,
39,Djibouti Franc,DJF,,2014-02-12,-1,,,6,DJF,,,
40,Danish Krone,DKK,,2014-02-12,-1,,,6,DKK,,,
41,Dominican Peso,DOP,,2014-02-12,-1,,,6,DOP,,,
42,Algerian Dinar,DZD,,2014-02-12,-1,,,6,DZD,,,
43,Sucre,ECS,,2014-02-12,-1,,,6,ECS,,,
44,Unidad de Valor Constante (UVC)*,ECV,,2014-02-12,-1,,,6,ECV,,,
45,Kroon,EEK,,2014-02-12,-1,,,6,EEK,,,
46,Egyptian Pound,EGP,,2014-02-12,-1,,,6,EGP,,,
47,Nakfa,ERN,,2014-02-12,-1,,,6,ERN,,,
48,Ethiopian Birr,ETB,,2014-02-12,-1,,,6,ETB,,,
49,Euro,EUR,,2014-02-12,-1,,,6,EUR,,,
50,Fiji Dollar,FJD,,2014-02-12,-1,,,6,FJD,,,
51,Falkland Islands Pound,FKP,,2014-02-12,-1,,,6,FKP,,,
52,Pound Sterling,GBP,,2014-02-12,-1,,,6,GBP,,,
53,Lari,GEL,,2014-02-12,-1,,,6,GEL,,,
54,Cedi,GHC,,2014-02-12,-1,,,6,GHC,,,
55,Gibraltar Pound,GIP,,2014-02-12,-1,,,6,GIP,,,
56,Dalasi,GMD,,2014-02-12,-1,,,6,GMD,,,
57,Guinea Franc,GNF,,2014-02-12,-1,,,6,GNF,,,
58,Quetzal,GTQ,,2014-02-12,-1,,,6,GTQ,,,
59,Guyana Dollar,GYD,,2014-02-12,-1,,,6,GYD,,,
60,Hong Kong Dollar,HKD,,2014-02-12,-1,,,6,HKD,,,
61,Lempira,HNL,,2014-02-12,-1,,,6,HNL,,,
62,Kuna,HRK,,2014-02-12,-1,,,6,HRK,,,
63,Gourde,HTG,,2014-02-12,-1,,,6,HTG,,,
64,Forint,HUF,,2014-02-12,-1,,,6,HUF,,,
65,Rupiah,IDR,,2014-02-12,-1,,,6,IDR,,,
66,New Israeli Sheqel**,ILS,,2014-02-12,-1,,,6,ILS,,,
67,Indian Rupee,INR,,2014-02-12,-1,,,6,INR,,,
68,Iraqi Dinar,IQD,,2014-02-12,-1,,,6,IQD,,,
69,Iranian Rial,IRR,,2014-02-12,-1,,,6,IRR,,,
70,Iceland Krona,ISK,,2014-02-12,-1,,,6,ISK,,,
71,Jamaican Dollar,JMD,,2014-02-12,-1,,,6,JMD,,,
72,Jordanian Dinar,JOD,,2014-02-12,-1,,,6,JOD,,,
73,Yen,JPY,,2014-02-12,-1,,,6,JPY,,,
74,Kenyan Shilling,KES,,2014-02-12,-1,,,6,KES,,,
75,Som,KGS,,2014-02-12,-1,,,6,KGS,,,
76,Riel,KHR,,2014-02-12,-1,,,6,KHR,,,
77,Comoro Franc,KMF,,2014-02-12,-1,,,6,KMF,,,
78,North Korean Won,KPW,,2014-02-12,-1,,,6,KPW,,,
79,Won,KRW,,2014-02-12,-1,,,6,KRW,,,
80,Kuwaiti Dinar,KWD,,2014-02-12,-1,,,6,KWD,,,
81,Cayman Islands Dollar,KYD,,2014-02-12,-1,,,6,KYD,,,
82,Tenge,KZT,,2014-02-12,-1,,,6,KZT,,,
83,Kip,LAK,,2014-02-12,-1,,,6,LAK,,,
84,Lebanese Pound,LBP,,2014-02-12,-1,,,6,LBP,,,
85,Sri Lanka Rupee,LKR,,2014-02-12,-1,,,6,LKR,,,
86,Liberian Dollar,LRD,,2014-02-12,-1,,,6,LRD,,,
87,Loti,LSL,,2014-02-12,-1,,,6,LSL,,,
88,Lithuanian Litas,LTL,,2014-02-12,-1,,,6,LTL,,,
89,Latvian Lats,LVL,,2014-02-12,-1,,,6,LVL,,,
90,Libyan Dinar,LYD,,2014-02-12,-1,,,6,LYD,,,
91,Moroccan Dirham,MAD,,2014-02-12,-1,,,6,MAD,,,
92,Moldovan Leu,MDL,,2014-02-12,-1,,,6,MDL,,,
93,Malagasy Franc,MGF,,2014-02-12,-1,,,6,MGF,,,
94,Denar,MKD,,2014-02-12,-1,,,6,MKD,,,
95,Kyat,MMK,,2014-02-12,-1,,,6,MMK,,,
96,Tugrik,MNT,,2014-02-12,-1,,,6,MNT,,,
97,Pataca,MOP,,2014-02-12,-1,,,6,MOP,,,
98,Ouguiya,MRO,,2014-02-12,-1,,,6,MRO,,,
99,Maltese Lira,MTL,,2014-02-12,-1,,,6,MTL,,,
100,Mauritius Rupee,MUR,,2014-02-12,-1,,,6,MUR,,,
101,Rufiyaa,MVR,,2014-02-12,-1,,,6,MVR,,,
102,Kwacha,MWK,,2014-02-12,-1,,,6,MWK,,,
103,Mexican Peso,MXN,,2014-02-12,-1,,,6,MXN,,,
104,Malaysian Ringgit,MYR,,2014-02-12,-1,,,6,MYR,,,
105,Metical,MZM,,2014-02-12,-1,,,6,MZM,,,
106,Namibia Dollar**,NAD,,2014-02-12,-1,,,6,NAD,,,
107,Naira,NGN,,2014-02-12,-1,,,6,NGN,,,
108,Cordoba Oro,NIO,,2014-02-12,-1,,,6,NIO,,,
109,Norwegian Krone,NOK,,2014-02-12,-1,,,6,NOK,,,
110,Nepalese Rupee,NPR,,2014-02-12,-1,,,6,NPR,,,
111,New Zealand Dollar,NZD,,2014-02-12,-1,,,6,NZD,,,
112,Rial Omani,OMR,,2014-02-12,-1,,,6,OMR,,,
113,Balboa,PAB,,2014-02-12,-1,,,6,PAB,,,
114,Nuevo Sol,PEN,,2014-02-12,-1,,,6,PEN,,,
115,Kina,PGK,,2014-02-12,-1,,,6,PGK,,,
116,Philippine Peso,PHP,,2014-02-12,-1,,,6,PHP,,,
117,Pakistan Rupee,PKR,,2014-02-12,-1,,,6,PKR,,,
118,Zloty,PLN,,2014-02-12,-1,,,6,PLN,,,
119,Guarani,PYG,,2014-02-12,-1,,,6,PYG,,,
120,Qatari Rial,QAR,,2014-02-12,-1,,,6,QAR,,,
121,Leu,ROL,,2014-02-12,-1,,,6,ROL,,,
122,Russian Ruble,RUR,,2014-02-12,-1,,,6,RUR,,,
123,Rwanda Franc,RWF,,2014-02-12,-1,,,6,RWF,,,
124,Saudi Arabia Riyal,SAR,,2014-02-12,-1,,,6,SAR,,,
125,Solomon Islands Dollar,SBD,,2014-02-12,-1,,,6,SBD,,,
126,Seborga Luigino,SBL,,2014-02-12,-1,,,6,SBL,,,
127,Seychelles Rupee,SCR,,2014-02-12,-1,,,6,SCR,,,
128,Sudanese Dinar,SDD,,2014-02-12,-1,,,6,SDD,,,
129,Swedish Krona,SEK,,2014-02-12,-1,,,6,SEK,,,
130,Singapore Dollar,SGD,,2014-02-12,-1,,,6,SGD,,,
131,St Helena Pound,SHP,,2014-02-12,-1,,,6,SHP,,,
132,Tolar,SIT,,2014-02-12,-1,,,6,SIT,,,
133,Slovak Koruna,SKK,,2014-02-12,-1,,,6,SKK,,,
134,Leone,SLL,,2014-02-12,-1,,,6,SLL,,,
135,Somali Shilling,SOS,,2014-02-12,-1,,,6,SOS,,,
136,Surinam Guilder,SRG,,2014-02-12,-1,,,6,SRG,,,
137,Dobra,STD,,2014-02-12,-1,,,6,STD,,,
138,El Salvador Colon,SVC,,2014-02-12,-1,,,6,SVC,,,
139,Syrian Pound,SYP,,2014-02-12,-1,,,6,SYP,,,
140,Lilangeni,SZL,,2014-02-12,-1,,,6,SZL,,,
141,Baht,THB,,2014-02-12,-1,,,6,THB,,,
142,Tajik Ruble,TJR,,2014-02-12,-1,,,6,TJR,,,
143,Manat,TMM,,2014-02-12,-1,,,6,TMM,,,
144,Tunisian Dinar,TND,,2014-02-12,-1,,,6,TND,,,
145,Pa'anga,TOP,,2014-02-12,-1,,,6,TOP,,,
146,Turkish Lira,TRL,,2014-02-12,-1,,,6,TRL,,,
147,Trinidad and Tobago Dollar,TTD,,2014-02-12,-1,,,6,TTD,,,
148,New Taiwan Dollar,TWD,,2014-02-12,-1,,,6,TWD,,,
149,Tanzanian Shilling,TZS,,2014-02-12,-1,,,6,TZS,,,
150,Hryvnia,UAH,,2014-02-12,-1,,,6,UAH,,,
151,Uganda Shilling ++,UGX,,2014-02-12,-1,,,6,UGX,,,
152,Peso Uruguayo,UYU,,2014-02-12,-1,,,6,UYU,,,
153,Uzbekistan Sum,UZS,,2014-02-12,-1,,,6,UZS,,,
154,Bolivar,VEB,,2014-02-12,-1,,,6,VEB,,,
155,Dong,VND,,2014-02-12,-1,,,6,VND,,,
156,Vatu,VUV,,2014-02-12,-1,,,6,VUV,,,
157,Tala,WST,,2014-02-12,-1,,,6,WST,,,
158,CFA Franc BEAC#,XAF,,2014-02-12,-1,,,6,XAF,,,
159,"Silver, Ounces",XAG,,2014-02-12,-1,,,6,XAG,,,
160,"Gold, Ounces",XAU,,2014-02-12,-1,,,6,XAU,,,
161,East Caribbean Dollar,XCD,,2014-02-12,-1,,,6,XCD,,,
162,SDR,XDR,,2014-02-12,-1,,,6,XDR,,,
163,CFA Franc BCEAO+,XOF,,2014-02-12,-1,,,6,XOF,,,
164,"Palladium, Ounces",XPD,,2014-02-12,-1,,,6,XPD,,,
165,CFP Franc,XPF,,2014-02-12,-1,,,6,XPF,,,
